{"offline_id": "d3126571297d4854854e80b20c3c2d00", "project_name": "yolov5", "start_time": 1731238455348, "stop_time": 1731238466208, "tags": [], "workspace": null, "resume_strategy": "create", "customer_error_reported": true, "customer_error_message": "Unexpected error detected in the user script: TypeError('Caught TypeError in DataLoader worker process 0.\\nOriginal Traceback (most recent call last):\\n  File \"/home/zz/anaconda3/envs/yolov5/lib/python3.8/site-packages/torch/utils/data/_utils/worker.py\", line 308, in _worker_loop\\n    data = fetcher.fetch(index)  # type: ignore[possibly-undefined]\\n  File \"/home/zz/anaconda3/envs/yolov5/lib/python3.8/site-packages/torch/utils/data/_utils/fetch.py\", line 51, in fetch\\n    data = [self.dataset[idx] for idx in possibly_batched_index]\\n  File \"/home/zz/anaconda3/envs/yolov5/lib/python3.8/site-packages/torch/utils/data/_utils/fetch.py\", line 51, in <listcomp>\\n    data = [self.dataset[idx] for idx in possibly_batched_index]\\n  File \"/home/zz/yolov5/utils/dataloaders.py\", line 780, in __getitem__\\n    img, labels = self.load_mosaic(index)\\n  File \"/home/zz/yolov5/utils/dataloaders.py\", line 926, in load_mosaic\\n    img4, labels4 = random_perspective(\\n  File \"/home/zz/yolov5/utils/augmentations.py\", line 178, in random_perspective\\n    s = random.uniform(1 - scale, 1 + scale)\\nTypeError: unsupported operand type(s) for -: \\'int\\' and \\'list\\'\\n')", "user_provided_experiment_key": false, "comet_start_sourced": false}